ROI_x1,ROI_y1,ROI_x2,ROI_y2,Angle,amp,assym,res,gamma,off,FWHM,r2
1507,104,1768,565,0.0,-94.79161325437916,0.06178072823243157,172.67289940932852,35.903875517706346,137.83286110570626,-3.1459584170417694,0.9956139142097269
1507,104,1768,565,0.0,-94.81778426735329,0.061168294749247315,172.54283481964197,35.903904943371984,137.71847576634121,-3.114599017846616,0.9955870592659645
1507,104,1768,565,0.0,-94.86951491906053,0.06148847930884578,172.52387059604342,35.89268219705602,137.94010004828485,-3.1300159427169194,0.995534878825122