ID, ROI_x1, ROI_y1, ROI_x2, ROI_y2, Angle, amp_0, amp_1, amp_2, amp_3, amp_4, assym_0, assym_1, assym_2, assym_3, assym_4, res_0, res_1, res_2, res_3, res_4, gamma_0, gamma_1, gamma_2, gamma_3, gamma_4, off_0, off_1, off_2, off_3, off_4, FWHM_0, FWHM_1, FWHM_2, FWHM_3, FWHM_4, r2_0, r2_1, r2_2, r2_3, r2_4, Image Path
0, 268.48661944116503, 238.09307359307354, 443.87622983077546, 551.7402597402597, 0.0, -74.7578221344867, -209.58058645900772, -209.52667050371994, -375.2254813625189, -49.005220612435316, -0.265983930825305, -0.1579305544031148, -0.1133502068386265, -0.38444763072315236, -0.45375230423995444, 96.63694679079407, 106.68848442143879, 119.33920925067963, 2.338467206372562e-08, 63.57254732189436, 123.78052650521246, 252.72532018013158, 243.47455346419378, 352.7821101485464, 30.094633110363855, 85.73015061689037, 92.4458228004428, 95.72323943530563, 90.68095493278832, 98.81895568868921, -49.114780375865664, -57.51370838706854, -39.40763578035969, -214.62621699325442, -22.608989083361696, 0.7923207598870543, 0.7535308222760022, 0.7518016430801596, 0.7057805188488777, 0.7971096936664444, ./RawImages/test2/Sensor3_6390nm.png