ID, ROI, subROI, ROI_x1, ROI_y1, ROI_x2, ROI_y2, angle, amp, assym, res, gamma, off, FWHM, r2, image-path
0, 0, 0, 1501.4905548996462, 98.38311688311751, 1774.99704840614, 525.4740259740263, 0.0, -67.53916561245877, 0.09295866883519814, 189.0639172565947, 38.18015236635617, 112.88448545397135, -5.051952420765689, 0.9926317456680321, ./RawImages/test/0001_rawimage.png
0, 0, 1, 1501.4905548996462, 98.38311688311751, 1774.99704840614, 525.4740259740263, 0.0, -100.9614442234645, 0.07867978433461487, 184.54300571794482, 33.75352541013204, 145.66460710183586, -3.773242545983946, 0.9891031623906751, ./RawImages/test/0001_rawimage.png
0, 0, 2, 1501.4905548996462, 98.38311688311751, 1774.99704840614, 525.4740259740263, 0.0, -108.10033003462657, 0.07922184062205968, 178.62769527002158, 35.94166990328173, 147.83652523469237, -4.045791616258613, 0.9856776963833525, ./RawImages/test/0001_rawimage.png
0, 0, 3, 1501.4905548996462, 98.38311688311751, 1774.99704840614, 525.4740259740263, 0.0, -104.05496565626225, 0.059013655361432264, 173.30575882121917, 32.22756353398264, 147.37251756643178, -2.696681630233653, 0.9948292019633566, ./RawImages/test/0001_rawimage.png
0, 0, 4, 1501.4905548996462, 98.38311688311751, 1774.99704840614, 525.4740259740263, 0.0, -95.08961741616639, 0.03692015650448152, 174.3986731681805, 37.96445936412279, 136.29492546985387, -1.984265542475821, 0.9928681009698853, ./RawImages/test/0001_rawimage.png