ROI_x1,ROI_y1,ROI_x2,ROI_y2,Angle,amp,assym,res,gamma,off,FWHM,r2
1505.6983471074386,104.69480519480567,1768.6853600944514,594.9025974025978,0,-94.59973317927567,0.061498836472062716,171.6809216836943,35.74894565730801,137.81032497767475,-3.118009510891619,0.9955482620649713