ID, ROI_x1, ROI_y1, ROI_x2, ROI_y2, Angle, amp_0, amp_1, amp_2, amp_3, amp_4, assym_0, assym_1, assym_2, assym_3, assym_4, res_0, res_1, res_2, res_3, res_4, gamma_0, gamma_1, gamma_2, gamma_3, gamma_4, off_0, off_1, off_2, off_3, off_4, FWHM_0, FWHM_1, FWHM_2, FWHM_3, FWHM_4, r2_0, r2_1, r2_2, r2_3, r2_4, Image Path
0, 1501.4905548996462, 98.38311688311751, 1774.99704840614, 525.4740259740263, 0.0, -67.53916561245877, -100.9614442234645, -108.10033003462657, -104.05496565626225, -95.08961741616639, 0.09295866883519814, 0.07867978433461487, 0.07922184062205968, 0.059013655361432264, 0.03692015650448152, 189.0639172565947, 184.54300571794482, 178.62769527002158, 173.30575882121917, 174.3986731681805, 38.18015236635617, 33.75352541013204, 35.94166990328173, 32.22756353398264, 37.96445936412279, 112.88448545397135, 145.66460710183586, 147.83652523469237, 147.37251756643178, 136.29492546985387, -5.051952420765689, -3.773242545983946, -4.045791616258613, -2.696681630233653, -1.984265542475821, 0.9926317456680321, 0.9891031623906751, 0.9856776963833525, 0.9948292019633566, 0.9928681009698853, ./RawImages/test/0001_rawimage.png