ID, ROI, subROI, ROI_x1, ROI_y1, ROI_x2, ROI_y2, angle, amp, assym, res, gamma, off, FWHM, r2, image-path
0, 0, 0, 268.48661944116503, 238.09307359307354, 443.87622983077546, 551.7402597402597, 0.0, -74.7578221344867, -0.265983930825305, 96.63694679079407, 123.78052650521246, 85.73015061689037, -49.114780375865664, 0.7923207598870543, ./RawImages/test2/Sensor3_6390nm.png
0, 0, 1, 268.48661944116503, 238.09307359307354, 443.87622983077546, 551.7402597402597, 0.0, -209.58058645900772, -0.1579305544031148, 106.68848442143879, 252.72532018013158, 92.4458228004428, -57.51370838706854, 0.7535308222760022, ./RawImages/test2/Sensor3_6390nm.png
0, 0, 2, 268.48661944116503, 238.09307359307354, 443.87622983077546, 551.7402597402597, 0.0, -209.52667050371994, -0.1133502068386265, 119.33920925067963, 243.47455346419378, 95.72323943530563, -39.40763578035969, 0.7518016430801596, ./RawImages/test2/Sensor3_6390nm.png
0, 0, 3, 268.48661944116503, 238.09307359307354, 443.87622983077546, 551.7402597402597, 0.0, -375.2254813625189, -0.38444763072315236, 2.338467206372562e-08, 352.7821101485464, 90.68095493278832, -214.62621699325442, 0.7057805188488777, ./RawImages/test2/Sensor3_6390nm.png
0, 0, 4, 268.48661944116503, 238.09307359307354, 443.87622983077546, 551.7402597402597, 0.0, -49.005220612435316, -0.45375230423995444, 63.57254732189436, 30.094633110363855, 98.81895568868921, -22.608989083361696, 0.7971096936664444, ./RawImages/test2/Sensor3_6390nm.png