ROI_x1,ROI_y1,ROI_x2,ROI_y2,Angle,amp,assym,res,gamma,off,FWHM,r2
1514,752,1783,1215,0.0,-77.01891383036556,0.024775298034334127,165.622398754771,40.041915760878624,115.12825354448069,-1.4036171814885554,0.9904786425908544
1514,752,1783,1215,0.0,-77.07015770793673,0.02469775720468295,165.5782633768,39.971367396072004,115.09560563570273,-1.396754931090641,0.9904764900727091
1514,752,1783,1215,0.0,-77.00803609558342,0.025087435108786086,165.58966044786547,39.95234196868954,115.18503623087801,-1.4181380674895219,0.9905714910397528