ROI_x1,ROI_y1,ROI_x2,ROI_y2,Angle,amp,assym,res,gamma,off,FWHM,r2
761.0311827956989,415.35376344086046,1231.878494623656,866.5193548387099,0.274144577731725,29.71667583899253,-1.6455211036543413,243.75068849119546,34.428332751773475,178.30527824845709,347.36183931314673,0.9710387561699196
761.0311827956989,415.35376344086046,1231.878494623656,866.5193548387099,0.274144577731725,29.533315163629354,-1.6559896124194806,243.6318822377929,34.290223932655344,177.49833433189184,333.1747770746039,0.9718830001990527
761.0311827956989,415.35376344086046,1231.878494623656,866.5193548387099,0.274144577731725,29.439809004993137,-1.6579525535144646,243.55127538616657,34.55565572660861,177.4556966823013,333.4600206431792,0.9723410025258113