ROI_x1,ROI_y1,ROI_x2,ROI_y2,Angle,amp,assym,res,gamma,off,FWHM,r2
771.6290322580646,416.8677419354841,1231.878494623656,866.5193548387099,0,30.51115990492208,-1.6352095287675892,242.03870320721177,34.021582581920825,177.87346556194504,356.9406968827636,0.9746071776825578
771.6290322580646,416.8677419354841,1231.878494623656,866.5193548387099,0,30.378745097661866,-1.6435337252802618,241.96458859618153,33.88428776820776,177.03974277890643,344.4035768872547,0.9746094669205951
771.6290322580646,416.8677419354841,1231.878494623656,866.5193548387099,0,30.260908129305054,-1.6465437052150789,241.8517972949965,34.148796413778456,177.00349690918193,343.2461361705859,0.9756296081716784